,,,,,,Sunlight,,,Moisture,,,Bloom Time,,,,,,,,
Latin name,Common name,Height,plantType,Ecoregion,Native Range,Full,Part,Shade,Wet,Medium,Dry,Mar,Apr,May,Jun,Jul,Aug,Sep,Oct,Nov
Achillea millefolium,Common yarrow,1-3 ft,Herbaceous perennial,,,1,,,,1,1,,,,1,1,1,1,,
Acorus americanus,Sweet flag,2 ft,Herbaceous perennial,,,1,,,1,,,,,1,1,1,,,,
Actaea pachypoda,White baneberry; Doll's eyes,1-2 ft,Herbaceous perennial,,,,1,1,1,1,,,,1,1,,,,,
Actaea (Cimifuga) racemosa,Black cohosh,3-7 ft,Herbaceous perennial,,,,1,1,,1,,,,1,1,1,1,1,,
Actaea rubra,Red baneberry,2 ft,Herbaceous perennial,,,,1,1,1,1,,,1,1,,,,,,
Actinomeris alternifolia,Wingstem,8 ft,Herbaceous perennial,,,,1,1,,1,,,,,,1,1,1,1,
Agastache foeniculum,Anise hyssop,2-4 ft,Herbaceous perennial,,,1,1,,,1,1,,,,1,1,1,1,,
Agastache scrophulariifolia,Purple giant hyssop,6 ft,Herbaceous perennial,,,1,1,,,1,,,,,,1,1,1,1,
Ageratina altissima,White snakeroot,2-3 ft,Herbaceous perennial,,,1,1,1,1,1,,,,,,1,1,1,1,
Agrimonia gryposepala,Tall hairy agrimony,5 ft,Herbaceous perennial,,,,1,,1,1,,,,,1,1,1,1,,
Agrimonia striata,Roadside agrimony,6 ft,Herbaceous perennial,,,1,1,,,1,,,,,1,1,1,1,,
Allium cernuum,Nodding onion,1.5 ft,Herbaceous perennial,,,1,1,,,1,,,,,1,1,1,,,
Allium stellatum,Prairie Onion,1.5 ft,Herbaceous perennial,,,1,1,,,1,1,,,,,1,1,,,
Allium tricoccum,Wild leek,0.75 ft,Herbaceous perennial,,,,1,1,,1,,,,,1,1,,,,
Amorpha canescens,Leadplant,3 ft,Herbaceous perennial,,,1,1,,,1,1,,,,1,1,1,,,
Amorpha nana,Fragrant false indigo,2 ft,"Herbaceous perennial, Shrubs",,,1,,,,1,1,,,,1,1,1,,,
Amsonia hubrichtii,Thread-leaf bluestar,2-3 ft,Herbaceous perennial,,,1,,,,1,,,1,1,1,,,,,
Amsonia tabernaemontana,Eastern bluestar,2-3 ft,Herbaceous perennial,,,1,1,,,1,,,1,1,1,,,,,
Anaphalis margaritacea,Pearly everlasting,1-3 ft,Herbaceous perennial,,,1,1,,,1,1,,,,1,1,1,1,,
Anemone canadensis,Canada anemone,1 ft,Herbaceous perennial,,,1,1,,1,1,1,,,1,1,,,,,
Anemone cylindrica,Thimbleweed,2 ft,Herbaceous perennial,,,1,1,,,1,1,,,,1,1,,,,
Anemone virginiana,Tall thimbleweed,3 ft,Herbaceous perennial,,,1,1,1,,1,1,,,,1,1,1,,,
Angelica atropurpurea,Purple stem angelica,3-8 ft,Herbaceous perennial,,,1,1,,1,1,,,,1,1,,,,,
Antennaria neglecta,Prairie pussytoes,0.25 ft,Herbaceous perennial,,,1,1,,,1,1,,1,1,1,,,,,
Antennaria parlinii,Ladies' tobacco,.5-1 ft,Herbaceous perennial,,,1,1,,,1,1,,1,1,1,,,,,
Antennaria plantaginifolia,Pussytoes,0.25 ft,Herbaceous perennial,,,1,1,,,1,1,,1,1,1,,,,,
Aquilegia canadensis,Wild columbine,2 ft,Herbaceous perennial,,,1,1,1,,1,1,,1,1,1,,,,,
Arnoglossum reniforme,Great Indian Plantain,3-9 ft,Herbaceous perennial,,,1,1,,,1,,,,,1,1,1,1,,
Aralia racemosa,Spikenard,2-4 ft,Herbaceous perennial,,,1,1,,1,1,,,,,,1,1,,,
Arisaema tryphyllum,Jack in the pulpit,2 ft,Herbaceous perennial,,,,1,1,,1,,,1,1,1,1,,,,
Aruncus dioicus,Goat's beard,4-6 ft,Herbaceous perennial,,,1,1,,1,1,,,,,1,1,,,,
Asarum canadense,Wild ginger,.5 ft,Herbaceous perennial,,,,,1,,1,1,,1,1,1,,,,,
Asclepias exaltata,Poke Milkweed,1.5'-4.5 ft,Herbaceous perennial,,,1,1,,1,1,,,,,1,1,,,,
Asclepias incarnata,Rose milkweed,2-4 ft,Herbaceous perennial,,,1,1,,,1,1,,,,1,1,1,,,
Asclepias sullivantii,Prairie milkweed,3 ft,Herbaceous perennial,,,1,,,,1,,,,,1,1,1,,,
Asclepias syriaca,Common milkweed,3-5 ft,Herbaceous perennial,,,1,,,,1,1,,,,1,1,1,,,
Asclepias tuberosa,Butterflyweed,2 ft,Herbaceous perennial,,,1,,,,1,1,,,,1,1,1,,,
Asclepias verticillata,Whorled milkweed,2 ft,Herbaceous perennial,,,1,1,,,1,1,,,,,1,1,1,,
Astralagus canadensis,Canadian milkvetch,1-4 ft,Herbaceous perennial,,,1,1,,,1,,,,,1,1,1,,,
Baptisia alba,White wild indigo,4 ft,Herbaceous perennial,,,1,1,,,1,1,,,,1,1,,,,
Baptisia australis,Blue false wild indigo,4 ft,Herbaceous perennial,,,1,1,,,1,,,,1,1,1,,,,
Baptisia tinctoria,Yellow wild indigo,2-3 ft,Herbaceous perennial,,,1,1,,,1,1,,,,1,1,1,,,
Blephilia ciliata,Downy wood mint,1 ft,Herbaceous perennial,,,1,1,,,1,1,,,,1,1,,,,
Blephilia hirsuta,Hairy wood mint,3 ft,Herbaceous perennial,,,,1,1,,1,,,,,1,1,1,1,,
Boltonia asteroides,False Aster,4 ft,Herbaceous perennial,,,1,1,,1,1,,,,,,,1,1,1,
Callirhoe bushii,Bush's Poppy Mallow,2 ft,Herbaceous perennial,,,1,1,,,1,1,,,,1,1,1,,,
Caltha palustris,Marsh Marigold,1-1.5 ft,Herbaceous perennial,,,1,1,,1,1,,,1,1,1,,,,,
Camassia scilloides,Wild hyacinth,2 ft,Herbaceous perennial,,,1,1,,,1,,,,1,1,,,,,
Campanula americana,American Bellflower,2-6 ft,Herbaceous perennial,,,1,1,,,1,,,,,,1,1,1,1,
Campanula rotundifolia,American Harebell,1 ft,Herbaceous perennial,,,1,1,,,1,1,,,,1,1,1,1,,
Cardamine concatenata,Toothwort,1 ft,Herbaceous perennial,,,,1,1,,1,,,1,1,,,,,,
Caulophyllum thalictroides,Blue cohosh,2 ft,Herbaceous perennial,,,,1,1,1,1,,,1,1,,,,,,
Chamaecrista fasciculata,Partridge Pea,2 ft,Herbaceous perennial,,,1,1,,,1,1,,,,,1,1,1,,
Chamaenerion augustifolium,Fireweed,4 ft,Herbaceous perennial,,,1,1,,,1,,,,,,1,1,,,
Chamaepericlymenum canadense,Bunchberry,2-5 ft,Herbaceous perennial,,,,1,1,1,1,,,,1,1,,,,,
Chelone glabra,white turtlehead,1.5-2.5 ft,Herbaceous perennial,,,1,1,,1,,,,,,,1,1,1,,
Chelone lyonii,Pink turtlehead,2-3ft ft,Herbaceous perennial,,,1,1,,1,1,,,,,,1,1,,,
Chrysogonum virginianum,Green and gold,.75-1 ft,Herbaceous perennial,,,1,1,,,1,,,,1,1,,,,,
Cimifuga racemosa,Black cohosh,3-7 ft,Herbaceous perennial,,,,1,1,,1,,,,1,1,1,1,1,,
Cirsium discolor,Pasture thistle,6 ft,Herbaceous perennial,,,1,1,,,1,,,,,,,1,1,1,
Cirsium muticum,Swamp Thistle,7 ft,Herbaceous perennial,,,1,1,,1,1,,,,,,1,1,1,1,
Conoclinium coelstinum,Mistflower,2 ft,Herbaceous perennial,,,,1,,,1,,,,,,,,1,1,
Coreopsis lanceolata,Lanceleaf coreopsis,2 ft,Herbaceous perennial,,,1,,,,1,1,,,1,1,1,1,,,
Coreopsis palmata,Prairie Coreopsis,2 ft,Herbaceous perennial,,,1,1,,,1,1,,,1,1,1,1,,,
Coreopsis rosea,Pink tickseed,1-2 ft,Herbaceous perennial,,,1,,,1,1,,,,,,1,1,1,,
Coreopsis tripteris,Tall coreopsis,7 ft,Herbaceous perennial,,,1,1,,,1,,,,,,1,1,1,1,
Coreopsis verticillata,Thread leaf coreopsis,1.5-2 ft,Herbaceous perennial,,,1,1,,,1,1,,,,1,1,1,1,,
Corydalis sempervirens,Rock Harlequin,3 ft,Herbaceous perennial,,,1,1,,,1,1,,,1,1,1,1,1,,
Cryptotaenia canadensis,Honewort,2 ft,Herbaceous perennial,,,,,1,,1,,,,,1,1,1,1,,
Dalea purpurea,Purple prairie clover,1-3 ft,Herbaceous perennial,,,1,1,,,1,1,,,,,1,1,1,,
Delphinium exaltatum,Tall larkspur,3-5 ft,Herbaceous perennial,,,1,1,,,1,,,,,,1,1,,,
Desmanthus illinisoensis,Illinois Bundleflower,5 ft,Herbaceous perennial,,,1,,,,1,1,,,,,1,1,,,
Desmodium canandense,Showy tick trefoil,5 ft,Herbaceous perennial,,,1,1,,,1,,,,,,1,1,,,
Dicentra cucullaria,Dutchman's breeches,1 ft,Herbaceous perennial,,,,,1,,1,,,1,1,,,,,,
Dicentra eximia,Wild bleedingheart,1-1.5 ft,Herbaceous perennial,,,,1,,,1,1,,,,1,1,1,1,,
Dodecatheon meadia,Shooting star,1 ft,Herbaceous perennial,,,1,1,,,1,,,1,1,1,,,,,
Doellingeria umbellata,Flat topped aster,5 ft,Herbaceous perennial,,,1,1,,1,1,,,,,,1,1,1,,
Echinacea angustifolia,Narrow-leaved Coneflower,2 ft,Herbaceous perennial,,,1,,,,1,1,,,,1,1,,,,
Echinacea pallida,Pale Purple Coneflower,3 ft,Herbaceous perennial,,,1,1,,,1,1,,,,1,1,,,,
Echinacea paradoxa,Bush's Coneflower,3 ft,Herbaceous perennial,,,1,1,,,1,1,,,,1,1,1,,,
Echinacea purpurea,Purple coneflower,2-4 ft,Herbaceous perennial,,,1,1,,,1,,,,,1,1,1,1,,
Epilobium glandulosum,Northern willow herb,2 ft,Herbaceous perennial,,,1,1,,1,1,,,,,,1,1,1,,
Erigeron pulchellus,Robin's plantain,1 ft,Herbaceous perennial,,,1,1,,,1,1,,,1,1,,,,,
Eryngium yuccifolium,Rattlesnake master,3-4 ft,Herbaceous perennial,,,1,,,,1,,,,,,1,1,1,,
Eupatorium altissimum,Tall boneset,4 ft,Herbaceous perennial,,,1,1,,,1,,,,,,,1,1,1,
Eupatorium fistulosum,Hollow Joe-pye weed,6 ft,Herbaceous perennial,,,1,1,1,1,,,,,,,1,1,1,,
Eupatorium hyssopifolium,Hyssop leaved boneset,1-3 ft,Herbaceous perennial,,,1,1,,,1,1,,,,,,1,1,1,
Eupatorium perfoliatum,Boneset,4 ft,Herbaceous perennial,,,1,1,,1,1,,,,,,1,1,1,,
Eupatorium serotinum,Late boneset,5 ft,Herbaceous perennial,,,1,1,,,1,,,,,,,1,1,1,
Eurybia divaricata,White wood aster,2 ft,Herbaceous perennial,,,1,1,1,,1,1,,,,,,1,1,,
Eurybia macrophylla,Bigleaf aster,1-3 ft,Herbaceous perennial,,,,1,1,,1,1,,,,,1,1,1,1,
Eurybia shreberi,Shreber's Wood Aster,1-2 ft,Herbaceous perennial,,,,1,1,,1,1,,,,,1,1,1,,
Eurybia spectabilis,Blue wood aster,1-2 ft,Herbaceous perennial,,,1,1,,,1,1,,,,,,1,1,1,
Euthamia graminifolia,Grass leaved goldenrod,3-4 ft,Herbaceous perennial,,,1,,,1,1,1,,,,,1,1,1,,
Eutrochium dubium,Coastal Plain Joe Pye Weed,3-4 ft,Herbaceous perennial,,,1,,,1,1,,,,,,,1,1,,
Eutrochium fistulosum,Hollow Joe-Pye weed,3-8 ft,Herbaceous perennial,,,1,1,1,1,1,,,,,,1,1,1,,
Eutrochium maculatum,Joe Pye weed,3-7 ft,Herbaceous perennial,,,1,1,,1,1,,,,,,1,1,1,,
Eutrochium purpureum,Sweet Joe Pye weed,3-8 ft,Herbaceous perennial,,,,1,1,,1,,,,,,1,1,1,,
Filipendula rubra,Queen of the Prairie,6-7 ft,Herbaceous perennial,,,1,,,1,1,,,,,1,1,1,,,
Fragaria virginiana,Wild strawberry,.5 ft,Herbaceous perennial,,,1,1,,,1,1,,1,1,1,,,,,
Fragaria vesca,Woodland strawberry,.25-.5 ft,Herbaceous perennial,,,1,1,,,1,,,,1,1,1,,,,
Gallardia grandifolia,Blanket flower,2-3 ft,Herbaceous perennial,,,1,,,,1,1,,,,1,1,1,,,
Gaura longiflora,Large-flowered Gaura,6 ft,Herbaceous perennial,,,1,1,,,1,1,,,,,1,1,1,,
Gentiana andrewsii,Bottle gentian,2 ft,Herbaceous perennial,,,1,1,,,1,,,,,,,1,1,1,
Gentiana clausa,Closed Bottle Gentian,.75-1.5 ft,Herbaceous perennial,,,,1,,1,,,,,,,,1,1,1,
Gentianopsis crinita,Fringed Gentian,1-3 ft,Herbaceous perennial,,,1,,,1,1,,,,,,,1,1,1,
Geranium maculatum,Wild geranium,1-1.5 ft,Herbaceous perennial,,,1,1,,1,1,,,1,1,1,1,,,,
Geum fragroides,Appalachian barren strawberry,.25-.5 ft,Herbaceous perennial,,,1,1,,,1,1,,,1,1,1,,,,
Geum rivale,Purple avens,2.5 ft,Herbaceous perennial,,,1,,,1,,,,,1,1,1,,,,
Geum triflorum,Prairie smoke,1-1.5 ft,Herbaceous perennial,,,1,1,,,1,1,,1,1,1,,,,,
Gillenia trifoliata,Bowman's Root,2-3 ft,Herbaceous perennial,,,1,1,,,1,1,,,1,1,,,,,
Glycyrrhiza lepidota,American Wild Licorice,2 ft,Herbaceous perennial,,,1,,,,1,1,,,,1,1,,,,
Helenium autumnale,Sneezeweed,3-5 ft,Herbaceous perennial,,,1,1,,,1,,,,,,,1,1,1,
Helenium flexuosum,Purple-Headed Sneezeweed,1-3 ft,Herbaceous perennial,,,1,1,,1,1,,,,,,,1,1,1,
Helianthus angustifolius,Swamp sunflower,8 ft,Herbaceous perennial,,,1,,,1,1,,,,,,,1,1,1,
Helianthus divaricata,Woodland sunflower,2-4 ft,Herbaceous perennial,,,1,1,,,1,1,,,,,1,1,1,,
Helianthus grosseserratus,Sawtooth Sunflower,8 ft,Herbaceous perennial,,,1,1,,,1,,,,,,,1,1,1,
Helianthus maximiliani,Maximilian sunflower,7 ft,Herbaceous perennial,,,1,1,,,1,,,,,,,1,1,,
Helianthus mollis,Downy sunflower,5 ft,Herbaceous perennial,,,1,1,,,1,,,,,,,1,1,,
Helianthus occidentalis,Western sunflower,3 ft,Herbaceous perennial,,,1,1,,,1,1,,,,,1,1,1,,
Heliopsis helianthoides,Oxeye sunflower,3-6 ft,Herbaceous perennial,,,1,1,,,1,1,,,,1,1,1,1,,
Hepatica acutiloba,Sharp-lobed hepatica,.75 ft,Herbaceous perennial,,,,1,1,1,1,,,1,1,,,,,,
Heuchera americana,American alumroot,2 ft,Herbaceous perennial,,,,1,1,,1,1,,,,1,1,1,,,
Hibiscus laevis,Smooth rose mallow,5 ft,Herbaceous perennial,,,1,1,,1,1,,,,,,1,1,1,,
Hibiscus moscheutos,Swamp rose mallow,5 ft,Herbaceous perennial,,,1,1,,1,,,,,,,1,1,1,,
Houstonia caerulea,Bluets,.25 ft,Herbaceous perennial,,,1,1,,1,1,1,,,,1,1,,,,
Hydrophyllum virginianum,Virginia waterleaf,2 ft,Herbaceous perennial,,,1,1,,,1,,,,1,1,,,,,
Hypericum ascyron (pyramidatum),Great St. Johnswort,6 ft,Herbaceous perennial,,,1,1,,,1,,,,,,1,1,,,
Hypericum canadense,,,Herbaceous perennial,,,,,,,,,,,,,,,,,
Hypericum majus,Greater Canadian St. Johnswort,2 ft,Herbaceous perennial,,,1,1,,,1,,,,,,1,1,1,,
Hypericum punctatum,Spotted St. Johnswort,2 ft,Herbaceous perennial,,,1,1,,,1,,,,,,1,1,1,,
Hypericum virginicum,Marsh St. Johnswort,2 ft,Herbaceous perennial,,,1,,,1,1,,,,,,1,1,1,,
Impatiens capensis,Jewelweed,4 ft,Herbaceous perennial,,,1,1,,1,1,,,,,,1,1,1,,
Ionactis linariifolia,Stiff leaf aster,1-1.5 ft,Herbaceous perennial,,,1,1,,,1,1,,,,,,1,1,1,
Iris cristata,Crested iris,.25-.75 ft,Herbaceous perennial,,,1,1,,,1,1,,,1,,,,,,
Iris versicolor,Blue flag iris,1-3 ft,Herbaceous perennial,,,1,1,,1,1,,,,1,1,1,,,,
Lespedeza capitata,Round headed bush clover,4 ft,Herbaceous perennial,,,1,1,,,1,1,,,,,,1,1,,
Lespedeza virginica,Slender Bush Clover,2 ft,Herbaceous perennial,,,,1,,,1,,,,,,1,1,1,,
Liatris aspera,Button blazing star,3 ft,Herbaceous perennial,,,1,1,,,1,1,,,,,1,1,1,1,
Liatris ligulastylis,Meadow blazing star,3-5 ft,Herbaceous perennial,,,1,1,,,1,,,,,,,1,1,1,
Liatris microcephala,,,Herbaceous perennial,,,1,1,,,1,,,,,,,,,,
Liatris novae anglia,Northern Blazing Star,3 ft,Herbaceous perennial,,,1,1,,,1,1,,,,,,1,1,,
Liatris scariosa var. nieuwlandii,Northern Blazing Star,3 ft,Herbaceous perennial,,,1,1,,,1,1,,,,,,1,1,,
Liatris pycnostachya,Prairie Blazing Star,4 ft,Herbaceous perennial,,,1,1,,1,1,,,,,,1,1,1,,
Liatris spicata,Blazing star,2-5 ft,Herbaceous perennial,,,1,1,,1,1,,,,,,1,1,1,,
Lilum canadense,Canada lily,3-5 ft,Herbaceous perennial,,,1,1,,1,1,,,,,,1,1,,,
Lobelia cardinalis,Cardinal flower,4 ft,Herbaceous perennial,,,1,1,,1,1,,,,,,1,1,1,,
Lobelia siphilitica,Great blue lobelia,3 ft,Herbaceous perennial,,,1,1,,1,1,,,,,,1,1,1,1,
Ludwigia alternifolia,Seedbox,3 ft,Herbaceous perennial,,,1,,,1,1,,,,1,1,1,,,,
Lupinus perennis,Sundial Lupine,2-3 ft,Herbaceous perennial,,,1,1,,,1,1,,,1,1,1,,,,
Lycopus uniflorus,Northern bugleweed,1-2.5 ft,Herbaceous perennial,,,1,1,,,1,,,,,,1,1,1,,
Lythrum alatum,Winged loosestrife,3 ft,Herbaceous perennial,,,1,,,1,,,,,,1,1,1,1,,
Maianthemum canadense,Canada mayflower,.75 ft,Herbaceous perennial,,,,1,1,,1,,,,1,1,,,,,
Maianthemum racemosum,Solomon's plume,,Herbaceous perennial,,,1,,1,1,1,,,1,1,1,,,1,1,1
Maianthemum stellatum,Starry Solomon's plume,1-2 ft,Herbaceous perennial,,,1,1,1,,1,1,,1,1,1,,,,,
Meehania cordata,,,Herbaceous perennial,,,1,1,1,,1,1,,,,,,,,,
Mentha arvensis,Wild mint,2 ft,Herbaceous perennial,,,1,1,,1,1,,,,,,1,1,1,,
Mentha canadensis,American wild mint,1-1.5 ft,Herbaceous perennial,,,1,1,,1,1,,,,,,1,1,1,,
Mertensia virginica,Virginia bluebells,2 ft,Herbaceous perennial,,,,1,1,,1,,,1,1,,,,,,
Mimulus alatus,Winged Monkey Flower,1-3 ft,Herbaceous perennial,,,1,1,,1,1,,,,,,1,1,1,1,
Mimulus ringens,Monkey flower,2 ft,Herbaceous perennial,,,1,1,,1,1,,,,,1,1,1,1,,
Mitella diphylla,Bishop's cap,1 ft,Herbaceous perennial,,,,1,1,,1,,,1,1,1,,,,,
Mitchella repens,Partridge-berry,1-2 in,Herbaceous perennial,,,,1,1,1,1,1,,,1,1,1,1,,,
Monarda bradburiana,Bradbury's beebalm,2 ft,Herbaceous perennial,,,1,1,,,1,,,,,1,1,,,,
Monarda didyma,Scarlet bee balm,2-4 ft,Herbaceous perennial,,,1,1,,,1,,,,,1,1,1,1,,
Monarda didyma 'Colrain Red',,,Herbaceous perennial,,,1,1,,,1,,,,,,,,,,
Monarda fistulosa,Wild bee-balm,4 ft,Herbaceous perennial,,,1,1,,,1,1,,,,1,1,1,1,,
Monarda punctata,Spotted Bee Balm,2-3 ft,Herbaceous perennial,,,1,1,,,1,1,,,,,1,1,1,,
Oclemena acuminata,Sharp leaved aster,2-3 ft,Herbaceous perennial,,,1,1,1,1,1,,,,,,,1,1,1,
Oenothera fruticosa,Narrow leaf Evening primrose,1-2 ft,Herbaceous perennial,,,1,1,,,1,1,,,,1,1,,,,
Oenethera pilosella,Prairie sundrops,2 ft,Herbaceous perennial,,,1,1,,,1,,,,1,1,,,,,
Oligoneuron album,Upland white goldenrod,1 ft,Herbaceous perennial,,,1,,,,1,1,,,,1,1,1,1,,
Oxalis violacea,Purple wood sorrel,.25 ft,Herbaceous perennial,,,1,1,,,1,1,,1,1,1,,,,,
Pachysandra procumbens,Allegheny spurge,.5-1 ft,Herbaceous perennial,,,,1,1,1,1,,,1,1,,,,,,
Packera aurea,Golden ragwort,2 ft,Herbaceous perennial,,,1,1,1,1,1,,,,1,1,,,,,
Packera obovata,Running groundsel,.25-.5 ft,Herbaceous perennial,,,1,1,,1,1,,,,1,1,,,,,
Parthenium integrifolium,Wild Quinine,4 ft,Herbaceous perennial,,,1,,,,1,,,,,1,1,1,1,,
Pedicularis canadensis,Canadian wood-betony,1 ft,Herbaceous perennial,,,1,1,,,1,1,,1,1,,,,,,
Penstemon calycosus,Calico Beardtongue,3 ft,Herbaceous perennial,,,1,1,1,,1,,,,,1,1,,,,
Penstemon cobea,Showy beardtongue,2ft ft,Herbaceous perennial,,,1,1,,,1,1,,,1,1,1,,,,
Penstemon digitalis,Foxglove beardtongue,3-4 ft,Herbaceous perennial,,,1,1,,,1,,,,,1,1,,,,
Penstemon grandiflorus,Large flowered beardtongue,2 ft,Herbaceous perennial,,,1,1,,,1,1,,,1,1,,,,,
Penstemon hirsutus,Northeastern beardtongue,1-2 ft,Herbaceous perennial,,,1,1,1,1,1,1,,,1,1,,,,,
Penstemon laevigatus,Eastern beardtongue,3 ft,Herbaceous perennial,,,1,1,1,,1,,,,1,1,1,,,,
Penstemon smallii,Small's Penstemon,1-2 ft,Herbaceous perennial,,,1,1,,,1,1,,,,1,,,,,
Phlox divaricata,Wild blue phlox,12 in,Herbaceous perennial,,,,1,1,,1,,,1,1,1,,,,,
Phlox maculata,Wild Sweet William,3 ft,Herbaceous perennial,,,1,1,,,1,,,,,1,1,1,,,
Phlox pilosa,Prairie phlox,2 ft,Herbaceous perennial,,,1,1,,,1,1,,,1,1,1,,,,
Phlox stolonlifera,Woodland phlox,.75-1 ft,Herbaceous perennial,,,1,1,,,1,,,1,1,1,,,,,
Phlox subulata,Moss phlox,.25-.75 ft,Herbaceous perennial,,,1,,,,1,1,,,1,1,,,,,
Physostegia virginiana,Obedient plant,4 ft,Herbaceous perennial,,,1,1,,1,1,,,,,,,1,1,,
Podophyllum peltatum,May apple,1 ft,Herbaceous perennial,,,,1,1,,1,,,,1,1,,,,,
Polemonium reptans,Jacobs ladder,1-1.5 ft,Herbaceous perennial,,,1,1,1,,1,,,1,1,1,,,,,
Polygonatum biflorum,Solomon's seal,4 ft,Herbaceous perennial,,,1,1,1,,1,,,,1,1,,,,,
Pontederia cordata,Pickerelweed,1-4 ft,Herbaceous perennial,,,1,,,1,,,,,,1,1,1,,,
Porteranthus stipulatus,American Ipecac,2 ft,Herbaceous perennial,,,1,1,,,1,1,,,1,1,,,,,
Prenanthes alba,"White Lettuce, Lion's Foot",4 ft,Herbaceous perennial,,,,1,1,,1,,,,,,,1,1,1,
Prunella vulgaris,"Self-heal, Heal All",.5-1 ft,Herbaceous perennial,,,1,1,,,1,1,,,,1,1,1,1,1,
Pycnanthemum incanum,Hoary Mountain mint,3 ft,Herbaceous perennial,,,1,,,,1,1,,,,,1,1,1,,
Pycnanthemum muticum,Broad leaf mountain mint,2-4 ft,Herbaceous perennial,,,1,1,,1,1,1,,,,,1,1,1,,
Pycnanthemum tenuifolium,Narrow leaf mountain mint,.75-1.25 ft,Herbaceous perennial,,,1,1,,,1,1,,,,1,1,1,1,,
Pycnanthemum verticillatum,Whorled mountain mint,1-1.5 ft,Herbaceous perennial,,,1,1,,,1,1,,,,,1,1,,,
Pycnanthemum vert. pilosum,Hairy mountain mint,3 ft,Herbaceous perennial,,,1,1,,,1,,,,,,1,1,,,
Pyncnanthemum virginianum,Virginia mountain mint,2-3 ft,Herbaceous perennial,,,1,,,1,1,,,,,1,1,1,1,,
Ratibida columnifera,Long-headed Prairie Coneflower,3 ft,Herbaceous perennial,,,1,1,,,1,1,,,,1,1,1,,,
Ratibida pinnata,Yellow coneflower,3-5 ft,Herbaceous perennial,,,1,1,,,1,,,,,,1,1,1,,
Rhexia virginica,Virginia Meadow Beauty,1 ft,Herbaceous perennial,,,1,1,,1,1,,,,,,1,1,1,,
Rubus hispidus,Creeping dewberry,.25 ft,Herbaceous perennial,,,1,1,1,1,1,1,,,,,,1,1,,
Rudbeckia fulgida,Orange cone flower,1.5-3 ft,Herbaceous perennial,,,1,1,,,1,1,,,,,1,1,1,,
Rudbeckia hirta,Black-eyed susan,2 ft,Herbaceous perennial,,,1,1,,,1,1,,,,1,1,1,1,1,
Rudbeckia laciniata,Green coneflower,3-4 ft,Herbaceous perennial,,,1,1,,1,1,,,,,,1,1,1,1,
Rudbeckia triloba,Brown eyed susan,5 ft,Herbaceous perennial,,,1,1,,,1,,,,,,,1,1,1,
Ruellia humilis,Wild petunia,1 ft,Herbaceous perennial,,,1,1,,,1,1,,,,1,1,1,,,
Rumex altissimus,Pale Dock,3 ft,Herbaceous perennial,,,1,1,,,1,,,,,1,1,1,,,
Rumex orbiculatus,Greater Water Dock,4 ft,Herbaceous perennial,,,1,1,,1,,,,,,1,1,1,,,
Sagittaria latifolia,Broadleaf Arrowhead,3 ft,Herbaceous perennial,,,1,1,,1,,,,,,,1,1,1,,
Salvia azurea,Blue sage,3-5ft ft,Herbaceous perennial,,,1,1,,,1,1,,,,,,1,1,1,
Salvia lyrata,Lyre-leaf Sage,,Herbaceous perennial,,,,,,,,,,,,,,,,,
Sanguinaria canadensis,Bloodroot,6-12 in,Herbaceous perennial,,,,1,1,,1,,,1,1,,,,,,
Sanguisorba canadensis,American Burnet,6 ft,Herbaceous perennial,,,1,,,,1,,,,,,,1,1,1,
Scrophularia lanceolata,Lance leafed figwort,5 ft,Herbaceous perennial,,,1,1,1,,1,1,,,1,1,1,,,,
Scutellaria incana,Downy skullcap,3 ft,Herbaceous perennial,,,1,1,,,1,1,,,,1,1,1,1,,
Scutelleria galericulata,,,Herbaceous perennial,,,,,,,,,,,,,,,,,
Scutellaria lateriflora,Mad dog skullcap,2 ft,Herbaceous perennial,,,1,1,,1,1,,,,,,1,1,1,,
Sedum pulchellum,Widow's Cross,,Herbaceous perennial,,,,,,,,,,,,,,,,,
Sedum ternatum,Woodland stonecrop,8 in,Herbaceous perennial,,,1,1,1,,1,,,1,1,1,,,,,
Senna hebecarpa,Wild senna,5 ft,Herbaceous perennial,,,1,1,,,1,,,,,,1,1,,,
Sibbaldiopsis tridentata,Three tooth cinqufoil,.25-.5 ft,Herbaceous perennial,,,1,,,,,1,,,,1,1,,,,
Silene regia,Royal catchfly,4 ft,Herbaceous perennial,,,1,1,,,1,,,,,,1,1,,,
Silene virginica,Fire pink,2 ft,Herbaceous perennial,,,,1,,,1,1,,,1,1,1,,,,
Silphium perfoliatum,Cup plant,6 ft,Herbaceous perennial,,,1,1,,,1,,,,,,1,1,1,,
Sisyrinchium albidum,Blue eyed grass,0.5 ft,Herbaceous perennial,,,1,1,,,1,1,,,1,1,,,,,
Sisyrinchium augustifolium,Blue eyed grass,.5-1.5 ft,Herbaceous perennial,,,1,1,,1,1,,,,1,1,,,,,
Sisyrinchium montanum,,,Herbaceous perennial,,,,,,,,,,,,,,,,,
Solidago altissima,Tall goldenrod,,Herbaceous perennial,,,,,,,,,,,,,,,,,
Solidago arguta,Forest goldenrod,,Herbaceous perennial,,,,,,,,,,,,,,,,,
Solidago bicolor,White goldenrod,2-3 ft,Herbaceous perennial,,,1,1,,,1,1,,,,,1,1,1,1,
Solidago caesia,Blue stemmed goldenrod,3ft ft,Herbaceous perennial,,,1,1,1,,1,1,,,,,,1,1,1,
Solidago canadensis,Canada goldenrod,,Herbaceous perennial,,,,,,,,,,,,,,,,,
Solidago flexicaulis,Zig zag goldenrod,3ft ft,Herbaceous perennial,,,1,1,1,,1,1,,,,,,1,1,1,
Solidago gigantea,Late goldenrod,6 ft,Herbaceous perennial,,,1,1,1,,1,,,,,,,1,1,,
Solidago juncea,Early goldenrod,3 ft,Herbaceous perennial,,,1,1,,,1,,,,,,1,1,1,,
Solidago nemoralis,Gray goldenrod,2 ft,Herbaceous perennial,,,1,1,,,1,1,,,,,,1,1,,
Solidago odora,Sweet goldenrod,3 ft,Herbaceous perennial,,,1,1,,,1,1,,,,,,1,1,,
Solidago patula,Rough-leaved Goldenrod,3 ft,Herbaceous perennial,,,1,1,1,,1,,,,,,1,1,1,1,
Solidago ptarmacoides,see Oligoneuron album,,Herbaceous perennial,,,1,,,,,1,,,,,,,,,
Solidago puberula,Downy goldenrod,1-3 ft,Herbaceous perennial,,,1,1,,,1,1,,,,,,1,1,1,
Solidago rigidum,Stiff goldenrod,4 ft,Herbaceous perennial,,,1,1,,,1,1,,,,,,1,1,1,
Solidago rugosa,Rough goldenrod,3 ft,Herbaceous perennial,,,1,1,,,1,1,,,,,1,1,1,1,
Solidago sempervirens,Seaside goldenrod,2-3.5 ft,Herbaceous perennial,,,1,,,,,1,,,,,,1,1,1,
Solidago speciosa,Showy goldenrod,5 ft,Herbaceous perennial,,,1,1,,,1,1,,,,,,,1,1,1
Solidago uliginosa,Bog goldenrod,4 ft,Herbaceous perennial,,,1,1,1,1,1,,,,,,,1,1,,
Stylophorum diphyllum,Wood poppy,1.5 ft,Herbaceous perennial,,,,1,1,1,1,,,1,1,,,,,,
Symphoricarpos orbiculatus,Coralberry,4 ft,Herbaceous perennial,,,1,1,,,1,,,,1,1,,,,,
Symphyotrichum cordifolium,Blue wood aster,1-3 ft,Herbaceous perennial,,,1,1,1,,1,,,,,,,,1,1,
Symphyotrichum dumosum,Long stalked aster,3 ft,Herbaceous perennial,,,1,1,,1,1,,,,,,,1,1,1,
Symphyotrichum ericoides,Heath Aster,2 ft,Herbaceous perennial,,,1,1,,,1,1,,,,,,1,1,1,
Symphyotrichum ericoides 'Snow Flurry',Heath Aster,.25-.5 ft,Herbaceous perennial,,,1,1,,,1,1,,,,,,1,1,1,
Symphyotrichum firmum,,,Herbaceous perennial,,,,,,,,,,,,,,,,,
Symphyotrichum laeve,Smooth blue aster,1-3 ft,Herbaceous perennial,,,1,1,,,1,1,,,,,,1,1,1,
Symphyotrichum lateriflorum,Calico Aster,2 ft,Herbaceous perennial,,,1,1,,,1,,,,,,,1,1,1,
Symphyotrichum novae-angliae,New England aster,2-4 ft,Herbaceous perennial,,,1,1,,1,1,,,,,,,1,1,1,
Symphyotrichum novi-belgii,New York aster,1-3 ft,Herbaceous perennial,,,1,1,,,1,,,,,,,1,1,1,
Symphyotrichum oblongifolium,Aromatic aster,2 ft,Herbaceous perennial,,,1,,,,1,1,,,,,,1,1,1,1
Symphyotrichum oolentangiense,Sky blue aster,3 ft,Herbaceous perennial,,,1,1,,,1,1,,,,,,1,1,1,
Symphyotrichum pilosum,Frost Aster,3 ft,Herbaceous perennial,,,1,,,,1,1,,,,,,,1,1,
Symphyotrichum prenanthoides,Crooked stemmed aster,3 ft,Herbaceous perennial,,,1,1,,,1,,,,,,,1,1,1,
Symphyotrichum puniceum,Purple-stemmed Aster,4-6 ft,Herbaceous perennial,,,1,1,,1,1,,,,,,,1,1,1,
Symphyotrichum sericeum,Silky aster,1 ft,Herbaceous perennial,,,1,1,,,1,1,,,,,,,1,1,
Symphyotrichum shortii,Short's Aster,3 ft,Herbaceous perennial,,,,1,1,,1,,,,,,,1,1,1,
Teucrium canadense,Germander,3 ft,Herbaceous perennial,,,1,1,,,1,,,,,,1,1,1,,
Thalictrum dasycarpum,Purple meadow rue,6 ft,Herbaceous perennial,,,1,1,,,1,,,,,1,1,,,,
Thalictrum dioicum,Early meadow rue,1-3 ft,Herbaceous perennial,,,,1,1,1,1,,,1,1,,,,,,
Thalictrum pubescens,Tall meadow rue,1.5-5 ft,Herbaceous perennial,,,1,1,,1,1,,,,,1,1,1,,,
Thalictrum rochebrunianum,,,Herbaceous perennial,,,,,,,,,,,,,,,,,
Thalictrum thalictroides,Rue anemone,.25-.75 ft,Herbaceous perennial,,,,1,1,,1,,,1,1,1,,,,,
Thermopsis carolinia,Carolina Lupine,3-5 ft,Herbaceous perennial,,,1,1,,,1,1,,,1,1,,,,,
Tiarella cordifolia,Foam flower,.25-1 ft,Herbaceous perennial,,,,1,1,,1,,,1,1,,,,,,
Tradescantia bracteata,Prairie Spiderwort,1 ft,Herbaceous perennial,,,1,,,,1,1,,,1,1,1,,,,
Tradescantia ohiensis,Ohio spiderwort,1.5-3 ft,Herbaceous perennial,,,1,1,,,1,1,,,1,1,1,,,,
Tradescantia virginiana,Virginia Spiderwort,1-2.5 ft,Herbaceous perennial,,,1,1,,,1,1,,,1,1,1,,,,
Trillium erectum,Red trillium,.75-1.25 ft,Herbaceous perennial,,,,1,1,,1,,,1,1,1,,,,,
Trillum grandiflorum,White trillium,.5-1 ft,Herbaceous perennial,,,,1,,,1,,,1,1,1,,,,,
Triodanis perfoliata,Clasping Venus's Looking Glass,2 ft,Herbaceous perennial,,,1,1,,,,1,,,1,1,1,1,,,
Uvularia grandiflora,Great merry bells,1-1.5 ft,Herbaceous perennial,,,,1,1,,1,,,1,1,,,,,,
Uvularia sessilifolia,Sessile leaf bellwort,12 in,Herbaceous perennial,,,,1,1,,1,1,,1,1,,,,,,
Verbena hastata,Blue vervain,5ft ft,Herbaceous perennial,,,1,1,,1,1,,,,,,1,1,1,,
Verbena stricta,Hoary vervain,2-3 ft,Herbaceous perennial,,,1,1,,,1,1,,,,1,1,1,1,,
Verbena urtifolia,,,Herbaceous perennial,,,,,,,,,,,,,,,,,
Verbesina alternifolia,Wingstem,8 ft,Herbaceous perennial,,,,1,1,,1,,,,,,1,1,1,1,
Vernonia fasciculata,Prairie ironweed,6ft ft,Herbaceous perennial,,,1,1,,,1,,,,,,1,1,1,,
Vernonia gigantea,Tall Ironweed,5ft ft,Herbaceous perennial,,,1,1,,,1,,,,,,,1,1,1,
Vernonia noveboracensis,NY ironweed,4-7ft ft,Herbaceous perennial,,,1,1,,1,1,,,,,,,1,1,,
Veronicastrum virginicum,Culvers root,3-6ft ft,Herbaceous perennial,,,1,1,,,1,,,,,1,1,1,,,
Viola palmata,,,Herbaceous perennial,,,,,,,,,,,,,,,,,
Viola pedata,Bird's Foot Violet,.25-.5 ft,Herbaceous perennial,,,1,1,,,1,1,,1,1,1,,,,,
Viola pedatifida,Prairie Violet,0.5 ft,Herbaceous perennial,,,1,1,,,1,,,1,1,1,,,,,
Viola pubescens,Downy yellow violet,.25-1.5 ft,Herbaceous perennial,,,,1,1,,,1,,1,1,1,,,,,
Viola sororia,Common blue violet,.25 ft,Herbaceous perennial,,,1,1,1,,1,,,1,1,1,,,,,
Viola sororia 'Freckles',Freckles Violet,,Herbaceous perennial,,,,,,,,,,,,,,,,,
Viola striata,Striped Cream Violet,.75-1 ft,Herbaceous perennial,,,,1,,,1,,,,1,1,,,,,
Zizia aptera,Heart leaved Alexanders,2 ft,Herbaceous perennial,,,1,1,,,1,,,1,1,,,,,,
Zizia aurea,Golden Alexander,2-3 ft,Herbaceous perennial,,,1,1,,,1,,,1,1,1,1,,,,
Agrostis perenns,Bentgrass,,Grasses and sedges,,,,,,,,,,,,,,,,,
Andropogon gerardii,Big Blue Stem,2-5 ft,Grasses and sedges,,,1,,,,1,1,,,,,,,,,
Andropogon virginicus,Broom sedge,4 ft,Grasses and sedges,,,1,1,,,1,1,,,,,,1,1,,
Bouteloua curtipendula,Side oats grama,2 ft,Grasses and sedges,,,1,1,1,,1,1,,,,,,1,1,,
Boutelua gracilis,Blue grama,1 ft,Grasses and sedges,,,1,1,,,1,1,,,,,1,1,1,,
Bromus ciliatus,Fringed Brome,4 ft,Grasses and sedges,,,1,1,,1,1,,,,,,,,,,
Bromus kalmii,Prairie Brome,3 ft,Grasses and sedges,,,1,1,,,1,,,,,,,,,,
Bromus pubescens,Hairy Wood Chess,4 ft,Grasses and sedges,,,,1,1,,1,,,,,1,1,1,,,
Calamagrostis canadensis,Blue Joint Grass,4 ft,Grasses and sedges,,,1,1,,1,1,,,,,1,1,1,,,
Calamagrostis cinnoides,Nuttall's reed grass,,Grasses and sedges,,,,,,,,,,,,,,,,,
Carex appalachica,Appalachian sedge,1 ft,Grasses and sedges,,,,1,1,,1,1,,,1,1,,,,,
Carex blanda,Common wood sedge,1 ft,Grasses and sedges,,,1,1,1,1,1,,,,1,1,,,,,
Carex brevior,Plains oval sedge,2 ft,Grasses and sedges,,,1,1,1,,1,1,,,,1,1,,,,
Carex cephalophora,Short headed bracted sedge,1.5 ft,Grasses and sedges,,,1,1,1,,1,,,,1,1,,,,,
Carex comosa,Bristly sedge,2 ft,Grasses and sedges,,,1,1,,1,,,,,,1,,,,,
Carex crinita,Fringed sedge,1-3 ft,Grasses and sedges,,,1,1,,1,,,,,,1,1,,,,
Carex eburnea,Bristle-leaf sedge,.5-1 ft,Grasses and sedges,,,1,1,,1,1,,,,1,1,,,,,
Carex gracillima,Purple sheathed graceful sedge,3 ft,Grasses and sedges,,,1,1,,,1,,,,1,1,,,,,
Carex intumescens,Shining burr sedge,2 ft,Grasses and sedges,,,1,1,1,1,1,,,,,1,1,,,,
Carex lupalina,Common hop sedge,3 ft,Grasses and sedges,,,1,1,1,1,,,,,,1,1,1,,,
Carex muskingumensis,Palm sedge,.5-.75 ft,Grasses and sedges,,,1,1,1,,1,1,,,,1,,,,,
Carex pensylvanica,Pennsylvania sedge,8 in,Grasses and sedges,,,1,1,1,,1,1,,1,1,1,,,,,
Carex plantaginea,Plantain leaved sedge,12 in,Grasses and sedges,,,,1,1,,1,,,1,1,1,,,,,
Carex platyphylla,Broad leaved sedge,.75-1 ft,Grasses and sedges,,,,1,1,,1,1,,,,,,,,,
Carex radiata,Eastern star sedge,1 ft,Grasses and sedges,,,,1,1,,1,,,,,1,,,,,
Carex scoparia,Lance-fruited oval sedge,2 ft,Grasses and sedges,,,1,,,1,1,,,,,1,1,,,,
Carex squarrosa,Narrow leaved cattail sedge,2 ft,Grasses and sedges,,,1,1,1,,1,,,,,1,1,1,,,
Carex sprengelii,Long-beaked Sedge,1-3 ft,Grasses and sedges,,,1,1,,1,1,,,,1,1,1,,,,
Carex stricta,Tussock Sedge,3-4 ft,Grasses and sedges,,,1,1,,1,1,,,,,1,1,,,,
Carex swanii,Swan's sedge,.75-1 ft,Grasses and sedges,,,1,1,1,,1,1,,,,,,,,,
Carex typhina,Common cattail sedge,1 ft,Grasses and sedges,,,1,1,,1,,,,,,1,1,1,,,
Carex vulpinoidea,Fox Sedge,2-4 ft,Grasses and sedges,,,1,1,,1,1,,,,,1,1,,,,
Chasmanthium latifolium,Northern sea oats,2-3 ft,Grasses and sedges,,,1,1,1,1,1,,,,,,1,1,1,,
Danthonia spicata,Poverty Oat Grass,1 ft,Grasses and sedges,,,1,1,,,1,1,,,1,1,1,,,,
Deschampsia flexuosa,Wavy hairgrass,2-3ft ft,Grasses and sedges,,,,1,1,,1,,,,,,,,,,
Diarrhena obovata,Beak grass,2 ft,"Herbaceous perennial, Grasses and sedges",,,,1,1,,1,,,,,,1,1,1,,
Elymus canadensis,Canada Wild Rye,5 ft,Grasses and sedges,,,1,1,,,1,1,,,,,1,1,1,1,
Elymus hystrix,Bottlebrush grass,3-5 ft,Grasses and sedges,,,,1,1,,1,1,,,,1,1,1,,,
Elymus riparius,Riverbank Wild Rye,4 ft,Grasses and sedges,,,,1,1,,1,,,,,1,1,1,,,
Elymus virginicus,Virginia Wild Rye,4 ft,Grasses and sedges,,,1,1,1,1,1,,,,,,1,1,,,
Elymus villosus,Silky wild rye,3 ft,Grasses and sedges,,,,1,1,,1,,,,,1,1,1,,,
Eragrostis spectabilis,Purple lovegrass,2 ft,Grasses and sedges,,,1,1,,,1,1,,,,,1,1,,,
Glyceria striata,Fowl manna grass,3 ft,Grasses and sedges,,,1,1,1,1,1,,,,,1,1,1,1,,
Hierochloe odorata,Sweetgrass,2 ft,Grasses and sedges,,,1,1,,1,1,,,,1,1,1,,,,
Juncus tenuis,,,Grasses and sedges,,,1,1,,1,1,,,,,,,,,,
Muhlenbergia capillaris,Pink Hairgrass,2-3 ft,Grasses and sedges,,,1,1,,,1,1,,,,,,,,,
Panicum acuminatum,Hairy panic grass,2 ft,Grasses and sedges,,,1,1,,,1,1,,,,,1,1,1,,
Panicum virgatum,Switchgrass,3-6 ft,Grasses and sedges,,,1,,,,1,1,,,,,1,1,1,,
Poa palustris,Fowl bluegrass,2 ft,Grasses and sedges,,,1,1,1,1,,,,,,1,1,1,1,,
Poa pratensis,Kentucky bluegrass,,Grasses and sedges,,,,,,,,,,,,,,,,,
Schizachyrium scoparium,Little bluestem,,Grasses and sedges,,,,,1,1,1,,,,,,,,1,1,1
Sorghastrum nutans,Indiangrass,,Grasses and sedges,,,,,1,1,1,,,,,,,,1,1,1
Sphenopholis obtusata,Prairie Wedgegrass,3 ft,Grasses and sedges,,,1,1,,,1,,,,,1,1,1,,,
Sporobolus heterolepis,Prairie Dropseed,,Grasses and sedges,,,,,1,1,1,,,,,,,,1,1,1
Tridens flavus,Purpletop,,Grasses and sedges,,,,,1,1,1,,,,,,,,1,1,1
Adiantum pedatum,Maidenhair fern,1-2 ft,Ferns,,,,1,1,1,1,,,,,,,,,,
Asplenium platyneuron,Ebony spleenwort,.75-1.75 ft,Ferns,,,,1,1,,1,1,,,,,,,,,
Athyrium felix-femina,Lady fern,1-2 ft,Ferns,,,,1,1,1,1,,,,,,,,,,
Botrychium virginianum,Rattlesnake Fern,1.4 ft,Ferns,,,1,1,1,1,1,1,,,,,,,,,
Cryptogramma stelleri,Slender rock brake,.25-.75 ft,Ferns,,,,1,1,1,,,,,,,,,,,
Cystopteris fragilis,Fragile fern,1.25 ft,Ferns,,,1,1,1,1,,,,,,,,,,,
Dennstaedtia punctilobula,Hayscented fern,1-2 ft,Ferns,,,1,1,1,,1,1,,,,,,,,,
Dryopteris cristata,Crested wood fern,1-3 ft,Ferns,,,1,1,1,1,,,,,,,,,,,
Dryopteris filix-mas,Male fern,2-3 ft,Ferns,,,,1,1,,1,1,,,,,,,,,
Dryopteris goldiana,Goldie's fern,2.5-3.5 ft,Ferns,,,,1,1,1,1,,,,,,,,,,
Dryopteris intermedia,Evergreen wood fern,1.5-2 ft,Ferns,,,,1,1,,1,1,,,,,,,,,
Dryopteris marginalis,Marginal woodfern,18-24 in,Ferns,,,,1,1,,1,1,,,,,,,,,
Gymnocarpium dryopteris,Oak fern,.25-1.25 ft,Ferns,,,,1,1,1,,,,,,,,,,,
Matteuccia struthiopteris,Ostrich fern,2-3 ft,Ferns,,,1,1,1,1,1,,,,,,,,,,
Onoclea sensibilis,Sensitive fern,1-2 ft,Ferns,,,1,1,1,1,1,,,,,,,,,,
Osmunda cinnamomea,Cinnamon fern,2-4 ft,Ferns,,,1,1,1,1,,,,,,,,,,,
Osmunda claytonia,Interrupted fern,2-3 ft,Ferns,,,,1,1,1,,,,,,,,,,,
Osmunda regalis,Royal fern,2-3.5 ft,Ferns,,,,1,1,1,,,,,,,,,,,
Parathelypteris noveboracensis,New York fern,.75-2 ft,Ferns,,,,1,,1,1,,,,,,,,,,
Pellaea atropurpurea,Purple cliffbrake,.25-1 ft,Ferns,,,1,1,,,,1,,,,,,,,,
Phegopteris connectilis,Narrow beech fern,.25-1 ft,Ferns,,,,1,1,,1,,,,,,,,,,
Phegopteris hexagonoptera,Broad beech fern,1-1.5 ft,Ferns,,,,1,1,1,1,,,,,,,,,,
Polypodium virginianum,Rock polypody,.5'-1 ft,Ferns,,,,1,1,,1,,,,,,,,,,
Polystichum acrostoides,Christmas fern,.75-1.5 ft,Ferns,,,,1,1,,1,1,,,,,,,,,
Polystichum braunii,Braun's holly fern,2-3 ft,Ferns,,,,1,1,,1,,,,,,,,,,
Thelypteris novaboracensis,New York fern,.75-2 ft,Ferns,,,,1,,1,1,,,,,,,,,,
Thelypteris palustris,Marsh fern,1-1.5 ft,Ferns,,,1,1,1,1,,,,,,,,,,,
Woodsia obtusa,Blunt-lobed woodsia,1-1.5 ft,Ferns,,,,1,1,,1,1,,,,,,,,,
Woodwardia areolata,Netted chain fern,1.5-2 ft,Ferns,,,,1,1,1,1,,,,,,,,,,
Woodwardia virginica,Chain fern,2-4 ft,Ferns,,,1,1,1,1,1,,,,,,,,,,
Alnus incana,Speckled alder,6-15 ft,"Shrubs, Trees",,,1,1,,1,1,,1,1,1,,,,,,
Alnus serrulata,Smooth alder,10-15 ft,"Shrubs, Trees",,,1,1,,1,,,1,1,1,,,,,,
Amelanchier canadensis,"Serviceberry, Shadblow",10-18 ft,"Shrubs, Trees",,,1,1,,1,1,1,,1,1,,,,,,
Amorpha fruticosa,False Indigo Bush,10-12 ft,Shrubs,,,1,1,,,1,1,,,,1,1,1,,,
Aronia arbutifolia,Red chokeberry,5-12 ft,Shrubs,,,1,1,,1,1,1,,,1,1,,,,,
Aronia floribunda(prunifolia),Purple chokeberry,6-8 ft,Shrubs,,,1,1,,1,1,,,1,1,,,,,,
Aronia melanocarpa,Black chokeberry,3-10 ft,Shrubs,,,1,1,,1,1,1,,,1,1,,,,,
Arctostaphylos uva-ursi,Red bearberry,.25-.5 ft,Shrubs,,,1,,,,1,1,,,,,,,,,
Baccharis halimifolia,Eastern false willow,6-12 ft,Shrubs,,,1,,,1,1,,,,,,,,,,
Calycanthus floridus,Carolina allspice,6-10 ft,Shrubs,,,1,1,,,1,,,,,1,1,1,,,
Ceanothus americanus,New Jersey tea,2-3 ft,Shrubs,,,1,1,,,1,1,,,,1,1,1,,,
Ceanothus ovatus,Red Root,3 ft,Shrubs,,,1,1,,,1,1,,,,1,,,,,
Cephalanthus occidentalis,Buttonbush,3-8 ft,Shrubs,,,1,,,1,,,,,,1,1,1,,,
Chamaedaphne calyculata,Leatherleaf,1-3 ft,Shrubs,,,1,1,,1,,,,,1,,,,,,
Chionanthus virginicus,Fringetree,10-20 ft,"Shrubs, Trees",58,,1,1,1,1,1,,,,,1,,,,,
Clethra alnifolia,Sweet Pepperbush,4-8 ft,Shrubs,,,1,1,,1,1,,,,,,,,,,
Comptonia peregrina,Sweetfern,1-3 ft,Shrubs,,,1,1,,,1,1,,,,,,,,,
Cornus (Swida) amomum,Silky dogwood,3-8 ft,Shrubs,,,1,1,,1,1,,,,,,,,,,
Cornus canadensis,Bunchberry,.25-.5 ft,"Herbaceous perennial, Shrubs",,,,1,1,1,1,,,,,,,,,,
Cornus (Swida) racemosa,Gray dogwood,3-8 ft,Shrubs,,,1,1,,1,1,,,,,,,,,,
Cornus (Swida) sericea,Red Osier Dogwood,3-8 ft,Shrubs,,,1,1,,1,1,,,,,,,,,,
Corylus americana,American Hazelnut,5-9 ft,Shrubs,,,1,1,,,1,1,1,1,,,,,,,
Diervilla lonicera,Northern bush honeysuckle,2-4 ft,Shrubs,,,1,1,,,1,1,,,,1,1,1,,,
Dirca palustris,Leatherwood,3-6 ft,Shrubs,,,,1,,,1,,,,,,,,,,
Euonymous atropurpurea,Eastern wahoo,,Shrubs,,,,,,,,,,,,,,,,,
Fothergilla gardenii,Dwarf witch alder,3-6 ft,Shrubs,,,1,1,,,1,1,,,1,1,,,,,
Gaylussacia baccata,Black huckleberry,1-3 ft,Shrubs,,,1,1,1,,1,1,,,,,,,,,
Hamamelis virginiana,American Witch Hazel,6-15 ft,Shrubs,,,1,1,1,1,1,,,,,,,,,,
Hydrangea arborescens,Smooth hydrangea,2-4 ft,Shrubs,,,,1,1,,1,,,,,,,,,,
Hydrangea quercifolia,Oakleaf Hydrangea,6-10 ft,Shrubs,,,1,1,,,1,1,,,1,1,1,,,,
Hypericum kalmianum,Kalm's St John's Wort,2-3 ft,Shrubs,,,1,1,,,1,1,,,,,1,1,,,
Hypericum prolificum,Shrubby St. John's Wort,2-4 ft,Shrubs,,,1,1,,,1,,,,,,1,1,1,,
Ilex glabra,Inkberry,3-6 ft,Shrubs,,,1,1,,1,1,1,,,,,,,,,
Ilex opaca,American holly,12-30 ft,Shrubs,,,1,1,,,1,,,,,,,,,,
Ilex verticillata,Winterberry,4-10 ft,Shrubs,,,1,1,,1,1,,1,1,1,1,,,,,
Itea virginica,Sweetspire,3-4 ft,Shrubs,,,1,1,,,1,1,,,1,1,,,,,
Iva frutescens,Marsh elder,4-8 ft,Shrubs,,,1,,,,1,,,,,,,,,,
Juniperus horizontalis,Creeping juniper,.25-.5 ft,Shrubs,,,1,,,,1,1,,,,,,,,,
Kalmia angustifolia,Sheep laurel,1-3 ft,Shrubs,,,1,1,,1,1,1,,,,1,,,,,
Kalmia latifolia,Mountain laurel,4-10 ft,Shrubs,,,1,1,1,1,1,,,,,1,,,,,
Leucothoe fontanesiana,Drooping leucothoe,2-4 ft,Shrubs,,,1,1,1,,1,1,,,,,,,,,
Lindera benzoin,Spicebush,6-12 ft,Shrubs,,,1,1,1,1,1,,,,,,,,,,
Myrica pensylvanica (Morella caroliniensis),Bayberry,2-6 ft,Shrubs,,,1,1,,,1,1,,1,1,1,,,,,
Nemopanthus mucronata,American moutain holly,5-9 ft,Shrubs,,,1,1,,1,1,,,,,,,,,,
Photinia (Aronia) arbutifolia,Red chokeberry,5-12 ft,Shrubs,,,1,1,,1,1,1,,,1,1,,,,,
Photinia (Aronia) melanocarpa,Black chokeberry,3-10 ft,Shrubs,,,1,1,,1,1,1,,,1,1,,,,,
Physocarpus opulifolius,Ninebark,4-9 ft,Shrubs,,,1,1,,,1,1,,,1,1,,,,,
Prunus maritima,Beach plum,3-6 ft,Shrubs,,,1,,,,1,1,,,,,,,,,
Prunus pumila,Sand cherry,,Shrubs,,,,1,1,1,,,1,,,,,,1,1,1
Rhododendron arborescens,Sweet azalea,,Shrubs,,,,,1,,1,,,,,1,,,,1,1
Rhododendron canadense,Rhodora,2-4 ft,Shrubs,,,1,1,,1,,,,,,,,,,,
Rhododendron maximum,Rosebay rhododendron,6-15 ft,Shrubs,,,,1,1,1,1,,,,,,,,,,
Rhododendron periclymenoides,Pinxterbloom azalea,3-8 ft,Shrubs,,,1,1,,,1,,,,,,,,,,
Rhododendron prinophyllum,Early azalea,3-8 ft,Shrubs,,,1,1,,,1,,,,,,,,,,
Rhododendron vaseyi,Pinkshell azalea,8-15 ft,Shrubs,,,,1,1,,1,1,,,,,,,,,
Rhododendron viscosum,Swamp azalea,3-5 ft,Shrubs,,,1,1,,1,1,,,,,,,,,,
Rhus aromatica,Fragrant sumac,3-7 ft,Shrubs,,,1,1,,,1,1,,,,,,,,,
Rhus copallina,Winged sumac,5-8 ft,Shrubs,,,1,1,,,1,1,,,,,,,,,
Rhus glabra,Smooth sumac,8-15 ft,Shrubs,,,1,1,,,1,1,,,,,,,,,
Rhus typhina,Staghorn Sumac,8-15 ft,Shrubs,,,1,1,,,1,1,,,,,,,,,
Ribes cynosbati,Eastern prickly gooseberry,,Shrubs,,,,,,,,,,,,,,,,,
Rosa blanda,Early wild rose,4-5 ft,Shrubs,,,1,1,,,1,1,,,,1,1,,,,
Rosa carolina,Carolina rose,2-4 ft,Shrubs,,,1,1,,1,1,1,,,,1,1,1,,,
Rosa palustris,Swamp Rose,3-5 ft,Shrubs,,,1,1,,1,1,,,,,1,1,,,,
Rosa virginiana,Virginia rose,2-4 ft,Shrubs,,,1,1,,,1,1,,,,,,,,,
Rubus odoratus,Flowering raspberry,3-5 ft,Shrubs,,,1,1,,,1,,,,,,1,1,,,
Rubus pensilvanicus,Pennsylvania blackberry,,Shrubs,,,,,,,,,,,,,,,,,
Rubuas idaeus,Red raspberry,2-5 ft,Shrubs,,,1,1,,,1,1,,,1,1,1,,,,
Rubus verrmontanus,Veromont blackberry,,Shrubs,,,,,,,,,,,,,,,,,
Salix discolor,American pussy willow,5-15 ft,Shrubs,,,1,1,,1,1,,1,1,,,,,,,
Salix bebbiana,Bebb's Willow,20-30 ft,"Shrubs, Trees",,,1,1,,1,1,,,,1,1,,,,,
Salix cordata,Heartleaf willow,10 ft,Shrubs,,,1,,,,,,,1,1,1,1,,,,
Salix eriocephala,Heart leaved willow,25 ft,Shrubs,,,1,,,1,1,,1,1,1,1,,,,,
Salix humilis,Prairie willow,8 ft,Shrubs,,,1,1,,,1,1,,1,1,,,,,,
Salix lucida,Shining willow,12-20 ft,Shrubs,,,1,1,1,1,1,,,1,1,1,1,,,,
Salix matsudana 'Tortuosa',Corkscrew Willow,,Shrubs,,,,,,,,,,,,,,,,,
Salix occidentalis,Dwarf prairie willow,,Shrubs,,,,,,,,,,,,,,,,,
Salix petiolaris,Meadow willow,,"Shrubs, Trees",,,,,,,,,,,,,,,,,
Salix sericea,Silky Willow,,"Shrubs, Trees",,,,,,,,,,,,,,,,,
Sambucus nigra,Black elderberry,5-8 ft,Shrubs,,,,1,,1,,,,,,,,,,,
Sambucas racemosa,Red elderberry,4-8 ft,Shrubs,,,1,1,,1,1,,,,,,,,,,
Spirea alba,White meadowsweet,2-5 ft,Shrubs,,,1,1,,1,1,,,,,,1,1,1,,
Spirea latifolia,Broadleaf meadowsweet,2-5 ft,Shrubs,,,1,1,,1,1,,,,,,1,1,1,,
Spiraea tomentosa,Steeplebush,2-5 ft,Shrubs,,,1,1,,1,1,,,,,,1,1,1,,
Swida (Cornus) amomum,Silky dogwood,3-8 ft,Shrubs,,,1,1,,1,1,,,,,,,,,,
Swida (Cornus) racemosa,Gray dogwood,3-8 ft,"Shrubs, Trees",,,1,1,,1,1,,,,,,,,,,
Swida sericea,Red Osier Dogwood,3-8 ft,Shrubs,,,1,1,,1,1,,,,,,,,,,
Cornus sericea,Red Osier Dogwood,3-8 ft,Shrubs,,,1,1,,1,1,,,,,,,,,,
Symphoricarpos albus,Snowberry,3-6 ft,Shrubs,,,1,1,,1,1,1,,,,,,,,,
Taxus canadensis,American yew,2-3 ft,Shrubs,,,,1,1,1,1,,,,,,,,,,
Vaccinium augustifolium,Lowbush blueberrry,1-2 ft,Shrubs,,,1,1,,,1,1,,,,,,,,,
Vaccinium corymbosum,Highbush blueberry,,Shrubs,,,1,,,,,,1,1,1,1,1,1,,,
Vaccinium macrocarpum,Large cranberry,,Shrubs,,,1,,,1,,,,,,,,,,,
Vaccinium oxycoccos,Small cranberry,,Shrubs,,,,,,,,,,,,,,,,,
Vaccinium pallidum,Hillside cranberry,,Shrubs,,,,,,,,,,,,,,,,,
Viburnum acerifolium,Mapleleaf viburnum,3-6 ft,Shrubs,,,1,1,1,,1,1,,,1,1,1,1,,,
Viburnum dentatum,Arrowwood,6-10 ft,Shrubs,,,1,1,,,1,,,,1,1,,,,,
Viburnum lantanoides,Hobblebush,,Shrubs,,,1,,,,,,1,1,1,1,1,1,,,
Viburnum nudum,Witherod,6-12 ft,Shrubs,,,1,1,,1,1,,,,1,1,1,,,,
Viburnum nudum cassinoides,Witherod,6-12 ft,Shrubs,,,1,1,,1,1,,,,,1,1,,,,
Viburnum lentago,Nannyberry,,Shrubs,,,1,,,,,,1,,1,1,1,1,,,
Viburnum prunifolium,Blackhaw viburnum,,Shrubs,,,1,,,,,,1,1,1,1,1,1,,,
Viburnum trilobum,American Cranberry,5-12 ft,Shrubs,,,1,1,,1,1,,,,,,,,,,
Abies balsamea,Balsam fir,35-60 ft,Trees,,,1,1,,1,1,,,,,,,,,,
Acer negundo,Box elder,30-50 ft,Trees,,,1,1,,1,1,1,1,1,,,,,,,
Acer nigrum,Black maple,100 ft,Trees,,,,1,1,,,,,,1,1,,,,,
Acer pensylvanicum,Striped maple,15-25 ft,Trees,,,,1,1,,1,,,,,,,,,,
Acer rubrum,Red maple,35-50 ft,Trees,,,1,1,,1,1,,,,,,,,,,
Acer saccharinum,Silver maple,50-65 ft,Trees,,,1,1,,1,1,,,,,,,,,,
Acer saccharum,Sugar maple,60-80 ft,Trees,,,1,1,,,1,1,,,,,,,,,
Acer spicatum,Mountain maple,12-25 ft,Trees,,,1,1,,,1,,,,,,,,,,
Amelanchier arborea,Downy serviceberry,15-25 ft,Trees,,,1,1,,,1,1,,1,1,,,,,,
Amelanchier laevis,Allegheny serviceberry,15-30 ft,Trees,all of MA,,1,1,,1,1,1,,1,1,,,,,,
Asimina triloba,Pawpaw,10-30 ft,Trees,"83, 84",,1,1,,1,1,,,,,,,,,,
Betula alleghaniensis,Yellow birch,40-60 ft,Trees,"58, 59, 82, 83, 84",,1,1,,1,1,,,,,,,,,,
Betula lenta,Sweet or black birch,40-60 ft,Trees,"58, 59, 83, 84",,1,1,,1,1,,,,,,,,,,
Betula nigra,River Birch,25-45 ft,Trees,"58, 59, 83, 84",,1,1,,1,1,,,,,,,,,,
Betula papyrifera,Paper Birch,25-45 ft,Trees,"58, 59, 82, 83, 84",,1,1,,,1,1,,,,,,,,,
Betula populifolia,Gray birch,20-40 ft,Trees,"58, 59, 82, 83, 84",,1,1,,,1,1,,,,,,,,,
Carpinus caroliniana,American Hornbeam,20-30 ft,Trees,"58, 59, 82, 83, 84",,,1,1,1,1,,,,,,,,,,
Carya ovata,Shagbark hickory,50-100 ft,Trees,"58, 59, 82, 83, 84",,1,1,,,1,1,,,,,,,,,
Catalpa speciosa,Northern Catalpa,75-100 ft,Trees,,,,1,,1,1,,,,1,1,,,,,
Celtis occidentalis,Common hackberry,30-50 ft,Trees,"58, 59, 83",,1,1,,,1,1,,,,,,,,,
Cercis canadensis,Redbud,12-25 ft,Trees,58,,1,1,,1,1,,,,1,1,,,,,
Chamaecyparis thyoides,Altantic white cedar,20-40 ft,Trees,"58, 59, 82, 84",,1,,,1,,,,,,,,,,,
Cornus (Swida) alternifolia,Alternate leaf dogwood,10-20 ft,Trees,"58, 59, 82, 83, 84",,1,1,,,1,1,,,,,,,,,
Cornus florida (1),Dogwood,15-25 ft,Trees,,,1,1,,,,,,,1,,,,,,
Cotinus obovatus,Smoketree,15-30 ft,Trees,Deep south US,,1,1,,,,1,,,,,,,,,
Crataegus crus-galli,Cockspur hawthorn,15-30 ft,Trees,"58, 59, 82, 83, 84",,1,1,,,1,1,,,1,,,,,,
Crataegus mollis,Downy hawthorn,,Trees,,,,,,,,,,,,,,,,,
Craetagus phaenopyrum,Washington hawthorn,20-35 ft,Trees,parts of eastern MA,,1,1,,1,1,,,,1,1,1,,,,
Crataegus punctata,Thicket hawthorn,,Trees,,,,,,,,,,,,,,,,,
Diospyros virginiana (2),Persimmon,20-40 ft,Trees,59,,1,1,,,1,,,,,,,,,,
Euonymus atropurpureus,Eastern wahoo,12-29 ft,Trees,some MA counties,,,1,1,,1,,,,,1,1,,,,
Fagus grandifolia,American beech,50-70 ft,Trees,"58, 59, 82, 83, 84",,1,1,,,1,,,,,,,,,,
Fraxinus americana,White ash,50-80 ft,Trees,"58, 59, 82, 83, 84",,1,1,,1,1,,,,,,,,,,
Fraxinus nigra,Black ash,30-50 ft,Trees,"58, 59, 82, 83, 84",,1,1,,1,1,,,,,,,,,,
Fraxinus pennsylvanica,Green ash,50-70 ft,Trees,"58, 59, 82, 83, 84",,1,,,,1,,,,,,,,,,
Juglans cinera,Butternut,40-70 ft,Trees,"58, 59, 82, 83, 84",,1,1,,1,1,,,,,,,,,,
Juglans nigra,Black walnut,50-80 ft,Trees,"58, 59, 83, 84",,1,1,,,1,,,,,,,,,,
Juniperus communis,Common juniper,5-25 ft,"Trees, Shrubs","58, 59, 82, 83, 84",,1,,,,1,1,,,,,,,,,
Juniperus virginiana,Red cedar,15-30 ft,Trees,"58, 59, 82, 83, 84",,1,1,,,1,1,,,,,,,,,
Larix laricina,Tamarack,30-60 ft,Trees,"58, 59, 82, 83, 84",,1,1,,1,1,,,,,,,,,,
Liquidambar styraciflua,Sweet gum,60-90 ft,Trees,"59, 83, 84",,1,1,,1,1,,,,,,,,,,
Liriodendron tulipifera,Tulip Tree,70-120 ft,Trees,"58, 59, 83, 84",,1,1,,,1,,,1,1,1,,,,,
Magnolia tripelata,Umbrella tree,25-40 ft,Trees,"83, 58",,1,1,,,1,,,,,,,,,,
Magnolia virginiana,Sweet bay,10-20 ft,Trees,"84, 59",,1,1,,1,1,,,,,,1,,,,
Malus spp (1),crabapples,,Trees,,,,,,,,,,,,,,,,,
Nyssa sylvatica,"Black Tupelo, Black Gum",30-60 ft,Trees,"58, 59, 82, 83, 84",,1,1,,1,1,,,1,1,1,,,,,
Ostrya virginiana,American hop hornbeam,20-30 ft,Trees,"58, 59, 82, 83, 84",,1,1,,,1,1,,,,,,,,,
Picea glauca,White spruce,30-60 ft,Trees,"58, 59, 82",,1,,,,1,1,,,,,,,,,
Pinus banksiana,Jack pine,,Trees,,,,,,,,,,,,,,,,,
Pinus resinosa,Red pine,,Trees,,,,,,,,,,,,,,,,,
Pinus ridgida,Pitch pine,30-60 ft,Trees,"58, 59, 82, 83, 84",,1,1,,,1,1,,,,,,,,,
Pinus strobus,White pine,60-90 ft,Trees,"58, 59, 82, 83, 84",,1,1,,,1,1,,,,,,,,,
Platanus occidentalis,American sycamore,70-100 ft,Trees,"58, 59, 83, 84",,1,1,,1,1,,,,,,,,,,
Populus deltoides,Easter cottonwood,50-100 ft,Trees,"58, 59, 82, 83, 84",,1,1,1,1,1,1,,,,,,,,,
Populus tremuloides,Quaking aspen,20-50 ft,Trees,,,1,1,1,,1,1,,,,,,,,,
Prunus americana,American plum,4-10 ft,"Trees, Shrubs","58, 59, 83, 84",,1,1,,,1,1,,,,,,,,,
Prunus pensylvanica,Pin cherry,15-35 ft,Trees,"58, 59, 82, 83, 84",,1,1,,,1,1,,,,,,,,,
Prunus serotina,Black cherry,30-60 ft,Trees,"58, 59, 82, 83, 84",,1,1,,,1,,,,,,,,,,
Prunus virginiana,Chokecherry,4-12 ft,Trees,"58, 59, 82, 83, 84",,1,1,,,1,1,,,,,,,,,
Ptela trifoliata,Hoptree,,Trees,,,,,,,,,,,,,,,,,
Quercus alba,White oak,60-80 ft,Trees,"58, 59, 82, 83, 84",,1,1,,,1,1,,,,,,,,,
Quercus bicolor,Swamp oak,60-80 ft,Trees,"58, 59, 82, 83, 84",,1,1,,1,1,,,,,,,,,,
Quercus coccinea,Scarlet Oak,50-70 ft,Trees,"58, 59, 82, 83, 84",,1,1,,,1,1,,,,,,,,,
Quercus ilicifolia,Bear oak / scrub oak,3-30 ft,Trees,"58, 59, 82, 83, 84",,1,,,,1,1,,,,,,,,,
Quercus macrocarpa,Bur Oak,150 ft,Trees,Berkshire County MA,,1,1,1,1,1,1,,,,,,,,,
Quercus montana,Chesnut Oak,,Trees,,,,,,,,,,,,,,,,,
Quercus muehlenbergii,Chinkapin Oak,,Trees,,,,,,,,,,,,,,,,,
Quercus palustris,Pin Oak,50-70 ft,Trees,"58, 59, 83, 84",,1,1,,1,1,,,,,,,,,,
Quercus prinoides,Dwarf Chinkapin Oak,5-30 ft,Trees,Berkshire County,,1,,,,1,1,,,,,,,,,
Quercus prinus,Chestnut Oak,,Trees,,,,,,,,,,,,,,,,,
Quercus rubra,Northern red oak,60-80 ft,Trees,"58, 59, 82, 83, 84",,1,1,,1,1,,,,,,,,,,
Quercus stellata,Post Oak,,Trees,,,,,,,,,,,,,,,,,
Quercus velutina,Black Oak,50-60 ft,Trees,"58, 59, 82, 83, 84",,1,,,,1,1,,,,,,,,,
Salix nigra,Black willow,10-60 ft,Trees,"58, 59, 82, 83, 84",,1,1,,1,1,,,,,,,,,,
Sassafras albidum,Sassafras,20-40 ft,Trees,"58, 59, 83, 84",,1,1,,1,1,1,,,,,,,,,
Sorbus americana,American moutain ash,15-30 ft,Trees,"58, 59, 82, 83, 84",,1,1,,1,1,,,,,,,,,,
Staphylea trifoliata,Bladdernut,,Trees,,,,,,,,,,,,,,,,,
Swida alternifolia,Pagoda dogwood,10-20 ft,Trees,,,1,1,,,1,1,,,1,1,,,,,
Taxodium distichum,Bald cypress,35-120 ft,Trees,NY and south,,1,1,,1,1,1,,,,,,,,,
Thuja occidentalis,"Arborvitae, Northern white cedar",40-60 ft,Trees,,,1,1,1,1,1,,,,,,,,,,
Tilia americana,American linden / basswood,50-70 ft,Trees,"58, 59, 82, 83, 84",,1,1,,,1,,,,,,,,,,
Ulmus americana,American Elm,60-100 ft,Trees,"58, 59, 82, 83, 84",,1,1,,1,1,,,,,,,,,,
Zanthoxylum americanum,Pricklyash,15-20 ft,Trees,W MA,,1,1,,,1,1,,1,1,,,,,,